# ASIC 0: X4 (N), X6 (N)									
0	0	0	16	0	97	0	0	0	0
0	0	0	17	0	99	0	0	0	0
0	0	0	21	0	101	0	0	0	0
0	0	0	23	0	103	0	0	0	0
0	0	0	25	0	105	0	0	0	0
0	0	0	26	0	107	0	0	0	0
0	0	0	29	0	109	0	0	0	0
0	0	0	31	0	111	0	0	0	0
0	0	0	34	0	113	0	0	0	0
0	0	0	36	0	115	0	0	0	0
0	0	0	37	0	117	0	0	0	0
0	0	0	41	0	119	0	0	0	0
0	0	0	43	0	121	0	0	0	0
0	0	0	44	0	123	0	0	0	0
0	0	0	45	0	125	0	0	0	0
0	0	0	48	0	127	0	0	0	0
0	0	0	18	0	98	0	0	0	0
0	0	0	19	0	100	0	0	0	0
0	0	0	20	0	102	0	0	0	0
0	0	0	22	0	104	0	0	0	0
0	0	0	24	0	106	0	0	0	0
0	0	0	28	0	108	0	0	0	0
0	0	0	30	0	110	0	0	0	0
0	0	0	32	0	112	0	0	0	0
0	0	0	33	0	114	0	0	0	0
0	0	0	35	0	116	0	0	0	0
0	0	0	39	0	118	0	0	0	0
0	0	0	40	0	120	0	0	0	0
0	0	0	42	0	122	0	0	0	0
0	0	0	46	0	124	0	0	0	0
0	0	0	47	0	126	0	0	0	0
0	0	0	49	0	128	0	0	0	0
0	0	0	1	0	161	0	0	0	0
0	0	0	10	0	163	0	0	0	0
0	0	0	12	0	165	0	0	0	0
0	0	0	14	0	167	0	0	0	0
0	0	0	8	0	169	0	0	0	0
0	0	0	6	0	171	0	0	0	0
0	0	0	13	0	173	0	0	0	0
0	0	0	11	0	175	0	0	0	0
0	0	0	38	0	177	0	0	0	0
0	0	0	62	0	179	0	0	0	0
0	0	0	61	0	181	0	0	0	0
0	0	0	50	0	183	0	0	0	0
0	0	0	52	0	185	0	0	0	0
0	0	0	54	0	187	0	0	0	0
0	0	0	56	0	189	0	0	0	0
0	0	0	60	0	191	0	0	0	0
0	0	0	0	0	162	0	0	0	0
0	0	0	3	0	164	0	0	0	0
0	0	0	5	0	166	0	0	0	0
0	0	0	7	0	168	0	0	0	0
0	0	0	15	0	170	0	0	0	0
0	0	0	4	0	172	0	0	0	0
0	0	0	2	0	174	0	0	0	0
0	0	0	27	0	176	0	0	0	0
0	0	0	9	0	178	0	0	0	0
0	0	0	58	0	180	0	0	0	0
0	0	0	59	0	182	0	0	0	0
0	0	0	57	0	184	0	0	0	0
0	0	0	51	0	186	0	0	0	0
0	0	0	53	0	188	0	0	0	0
0	0	0	55	0	190	0	0	0	0
0	0	0	63	0	192	0	0	0	0
# ASIC 1: X10 (N), X8 (N)									
0	0	1	16	0	289	0	0	0	0
0	0	1	17	0	291	0	0	0	0
0	0	1	21	0	293	0	0	0	0
0	0	1	23	0	295	0	0	0	0
0	0	1	25	0	297	0	0	0	0
0	0	1	26	0	299	0	0	0	0
0	0	1	29	0	301	0	0	0	0
0	0	1	31	0	303	0	0	0	0
0	0	1	34	0	305	0	0	0	0
0	0	1	36	0	307	0	0	0	0
0	0	1	37	0	309	0	0	0	0
0	0	1	41	0	311	0	0	0	0
0	0	1	43	0	313	0	0	0	0
0	0	1	44	0	315	0	0	0	0
0	0	1	45	0	317	0	0	0	0
0	0	1	48	0	319	0	0	0	0
0	0	1	18	0	290	0	0	0	0
0	0	1	19	0	292	0	0	0	0
0	0	1	20	0	294	0	0	0	0
0	0	1	22	0	296	0	0	0	0
0	0	1	24	0	298	0	0	0	0
0	0	1	28	0	300	0	0	0	0
0	0	1	30	0	302	0	0	0	0
0	0	1	32	0	304	0	0	0	0
0	0	1	33	0	306	0	0	0	0
0	0	1	35	0	308	0	0	0	0
0	0	1	39	0	310	0	0	0	0
0	0	1	40	0	312	0	0	0	0
0	0	1	42	0	314	0	0	0	0
0	0	1	46	0	316	0	0	0	0
0	0	1	47	0	318	0	0	0	0
0	0	1	49	0	320	0	0	0	0
0	0	1	1	0	225	0	0	0	0
0	0	1	10	0	227	0	0	0	0
0	0	1	12	0	229	0	0	0	0
0	0	1	14	0	231	0	0	0	0
0	0	1	8	0	233	0	0	0	0
0	0	1	6	0	235	0	0	0	0
0	0	1	13	0	237	0	0	0	0
0	0	1	11	0	239	0	0	0	0
0	0	1	38	0	241	0	0	0	0
0	0	1	62	0	243	0	0	0	0
0	0	1	61	0	245	0	0	0	0
0	0	1	50	0	247	0	0	0	0
0	0	1	52	0	249	0	0	0	0
0	0	1	54	0	251	0	0	0	0
0	0	1	56	0	253	0	0	0	0
0	0	1	60	0	255	0	0	0	0
0	0	1	0	0	226	0	0	0	0
0	0	1	3	0	228	0	0	0	0
0	0	1	5	0	230	0	0	0	0
0	0	1	7	0	232	0	0	0	0
0	0	1	15	0	234	0	0	0	0
0	0	1	4	0	236	0	0	0	0
0	0	1	2	0	238	0	0	0	0
0	0	1	27	0	240	0	0	0	0
0	0	1	9	0	242	0	0	0	0
0	0	1	58	0	244	0	0	0	0
0	0	1	59	0	246	0	0	0	0
0	0	1	57	0	248	0	0	0	0
0	0	1	51	0	250	0	0	0	0
0	0	1	53	0	252	0	0	0	0
0	0	1	55	0	254	0	0	0	0
0	0	1	63	0	256	0	0	0	0
# ASIC 2: U9 (N) (reversed odd and even), X2 (N)									
0	0	2	16	0	258	2	0	0	0
0	0	2	17	0	260	2	0	0	0
0	0	2	21	0	262	2	0	0	0
0	0	2	23	0	264	2	0	0	0
0	0	2	25	0	266	2	0	0	0
0	0	2	26	0	268	2	0	0	0
0	0	2	29	0	270	2	0	0	0
0	0	2	31	0	272	2	0	0	0
0	0	2	34	0	274	2	0	0	0
0	0	2	36	0	276	2	0	0	0
0	0	2	37	0	278	2	0	0	0
0	0	2	41	0	280	2	0	0	0
0	0	2	43	0	282	2	0	0	0
0	0	2	44	0	284	2	0	0	0
0	0	2	45	0	286	2	0	0	0
0	0	2	48	0	288	2	0	0	0
0	0	2	18	0	257	2	0	0	0
0	0	2	19	0	259	2	0	0	0
0	0	2	20	0	261	2	0	0	0
0	0	2	22	0	263	2	0	0	0
0	0	2	24	0	265	2	0	0	0
0	0	2	28	0	267	2	0	0	0
0	0	2	30	0	269	2	0	0	0
0	0	2	32	0	271	2	0	0	0
0	0	2	33	0	273	2	0	0	0
0	0	2	35	0	275	2	0	0	0
0	0	2	39	0	277	2	0	0	0
0	0	2	40	0	279	2	0	0	0
0	0	2	42	0	281	2	0	0	0
0	0	2	46	0	283	2	0	0	0
0	0	2	47	0	285	2	0	0	0
0	0	2	49	0	287	2	0	0	0
0	0	2	1	0	33	0	0	0	0
0	0	2	10	0	35	0	0	0	0
0	0	2	12	0	37	0	0	0	0
0	0	2	14	0	39	0	0	0	0
0	0	2	8	0	41	0	0	0	0
0	0	2	6	0	43	0	0	0	0
0	0	2	13	0	45	0	0	0	0
0	0	2	11	0	47	0	0	0	0
0	0	2	38	0	49	0	0	0	0
0	0	2	62	0	51	0	0	0	0
0	0	2	61	0	53	0	0	0	0
0	0	2	50	0	55	0	0	0	0
0	0	2	52	0	57	0	0	0	0
0	0	2	54	0	59	0	0	0	0
0	0	2	56	0	61	0	0	0	0
0	0	2	60	0	63	0	0	0	0
0	0	2	0	0	34	0	0	0	0
0	0	2	3	0	36	0	0	0	0
0	0	2	5	0	38	0	0	0	0
0	0	2	7	0	40	0	0	0	0
0	0	2	15	0	42	0	0	0	0
0	0	2	4	0	44	0	0	0	0
0	0	2	2	0	46	0	0	0	0
0	0	2	27	0	48	0	0	0	0
0	0	2	9	0	50	0	0	0	0
0	0	2	58	0	52	0	0	0	0
0	0	2	59	0	54	0	0	0	0
0	0	2	57	0	56	0	0	0	0
0	0	2	51	0	58	0	0	0	0
0	0	2	53	0	60	0	0	0	0
0	0	2	55	0	62	0	0	0	0
0	0	2	63	0	64	0	0	0	0
# ASIC 3: U5 (W) (reversed odd and even), U7 (N) (reversed odd and even)									
0	0	3	16	0	130	2	0	0	0
0	0	3	17	0	132	2	0	0	0
0	0	3	21	0	134	2	0	0	0
0	0	3	23	0	136	2	0	0	0
0	0	3	25	0	138	2	0	0	0
0	0	3	26	0	140	2	0	0	0
0	0	3	29	0	142	2	0	0	0
0	0	3	31	0	144	2	0	0	0
0	0	3	34	0	146	2	0	0	0
0	0	3	36	0	148	2	0	0	0
0	0	3	37	0	150	2	0	0	0
0	0	3	41	0	152	2	0	0	0
0	0	3	43	0	154	2	0	0	0
0	0	3	44	0	156	2	0	0	0
0	0	3	45	0	158	2	0	0	0
0	0	3	48	0	160	2	0	0	0
0	0	3	18	0	129	2	0	0	0
0	0	3	19	0	131	2	0	0	0
0	0	3	20	0	133	2	0	0	0
0	0	3	22	0	135	2	0	0	0
0	0	3	24	0	137	2	0	0	0
0	0	3	28	0	139	2	0	0	0
0	0	3	30	0	141	2	0	0	0
0	0	3	32	0	143	2	0	0	0
0	0	3	33	0	145	2	0	0	0
0	0	3	35	0	147	2	0	0	0
0	0	3	39	0	149	2	0	0	0
0	0	3	40	0	151	2	0	0	0
0	0	3	42	0	153	2	0	0	0
0	0	3	46	0	155	2	0	0	0
0	0	3	47	0	157	2	0	0	0
0	0	3	49	0	159	2	0	0	0
0	0	3	1	0	194	2	0	0	0
0	0	3	10	0	196	2	0	0	0
0	0	3	12	0	198	2	0	0	0
0	0	3	14	0	200	2	0	0	0
0	0	3	8	0	202	2	0	0	0
0	0	3	6	0	204	2	0	0	0
0	0	3	13	0	206	2	0	0	0
0	0	3	11	0	208	2	0	0	0
0	0	3	38	0	210	2	0	0	0
0	0	3	62	0	212	2	0	0	0
0	0	3	61	0	214	2	0	0	0
0	0	3	50	0	216	2	0	0	0
0	0	3	52	0	218	2	0	0	0
0	0	3	54	0	220	2	0	0	0
0	0	3	56	0	222	2	0	0	0
0	0	3	60	0	224	2	0	0	0
0	0	3	0	0	193	2	0	0	0
0	0	3	3	0	195	2	0	0	0
0	0	3	5	0	197	2	0	0	0
0	0	3	7	0	199	2	0	0	0
0	0	3	15	0	201	2	0	0	0
0	0	3	4	0	203	2	0	0	0
0	0	3	2	0	205	2	0	0	0
0	0	3	27	0	207	2	0	0	0
0	0	3	9	0	209	2	0	0	0
0	0	3	58	0	211	2	0	0	0
0	0	3	59	0	213	2	0	0	0
0	0	3	57	0	215	2	0	0	0
0	0	3	51	0	217	2	0	0	0
0	0	3	53	0	219	2	0	0	0
0	0	3	55	0	221	2	0	0	0
0	0	3	63	0	223	2	0	0	0
									
# ASIC 4: Y5 (W), Y7 (W)									
0	0	4	16	1	129	2	0	0	0
0	0	4	17	1	131	2	0	0	0
0	0	4	21	1	133	2	0	0	0
0	0	4	23	1	135	2	0	0	0
0	0	4	25	1	137	2	0	0	0
0	0	4	26	1	139	2	0	0	0
0	0	4	29	1	141	2	0	0	0
0	0	4	31	1	143	2	0	0	0
0	0	4	34	1	145	2	0	0	0
0	0	4	36	1	147	2	0	0	0
0	0	4	37	1	149	2	0	0	0
0	0	4	41	1	151	2	0	0	0
0	0	4	43	1	153	2	0	0	0
0	0	4	44	1	155	2	0	0	0
0	0	4	45	1	157	2	0	0	0
0	0	4	48	1	159	2	0	0	0
0	0	4	18	1	130	2	0	0	0
0	0	4	19	1	132	2	0	0	0
0	0	4	20	1	134	2	0	0	0
0	0	4	22	1	136	2	0	0	0
0	0	4	24	1	138	2	0	0	0
0	0	4	28	1	140	2	0	0	0
0	0	4	30	1	142	2	0	0	0
0	0	4	32	1	144	2	0	0	0
0	0	4	33	1	146	2	0	0	0
0	0	4	35	1	148	2	0	0	0
0	0	4	39	1	150	2	0	0	0
0	0	4	40	1	152	2	0	0	0
0	0	4	42	1	154	2	0	0	0
0	0	4	46	1	156	2	0	0	0
0	0	4	47	1	158	2	0	0	0
0	0	4	49	1	160	2	0	0	0
0	0	4	1	1	193	2	0	0	0
0	0	4	10	1	195	2	0	0	0
0	0	4	12	1	197	2	0	0	0
0	0	4	14	1	199	2	0	0	0
0	0	4	8	1	201	2	0	0	0
0	0	4	6	1	203	2	0	0	0
0	0	4	13	1	205	2	0	0	0
0	0	4	11	1	207	2	0	0	0
0	0	4	38	1	209	2	0	0	0
0	0	4	62	1	211	2	0	0	0
0	0	4	61	1	213	2	0	0	0
0	0	4	50	1	215	2	0	0	0
0	0	4	52	1	217	2	0	0	0
0	0	4	54	1	219	2	0	0	0
0	0	4	56	1	221	2	0	0	0
0	0	4	60	1	223	2	0	0	0
0	0	4	0	1	194	2	0	0	0
0	0	4	3	1	196	2	0	0	0
0	0	4	5	1	198	2	0	0	0
0	0	4	7	1	200	2	0	0	0
0	0	4	15	1	202	2	0	0	0
0	0	4	4	1	204	2	0	0	0
0	0	4	2	1	206	2	0	0	0
0	0	4	27	1	208	2	0	0	0
0	0	4	9	1	210	2	0	0	0
0	0	4	58	1	212	2	0	0	0
0	0	4	59	1	214	2	0	0	0
0	0	4	57	1	216	2	0	0	0
0	0	4	51	1	218	2	0	0	0
0	0	4	53	1	220	2	0	0	0
0	0	4	55	1	222	2	0	0	0
0	0	4	63	1	224	2	0	0	0
# ASIC 5: U1 (W) (reversed odd and even), U3 (W) (reversed odd and even)									
0	0	5	16	1	2	1	0	0	0
0	0	5	17	1	4	1	0	0	0
0	0	5	21	1	6	1	0	0	0
0	0	5	23	1	8	1	0	0	0
0	0	5	25	1	10	1	0	0	0
0	0	5	26	1	12	1	0	0	0
0	0	5	29	1	14	1	0	0	0
0	0	5	31	1	16	1	0	0	0
0	0	5	34	1	18	1	0	0	0
0	0	5	36	1	20	1	0	0	0
0	0	5	37	1	22	1	0	0	0
0	0	5	41	1	24	1	0	0	0
0	0	5	43	1	26	1	0	0	0
0	0	5	44	1	28	1	0	0	0
0	0	5	45	1	30	1	0	0	0
0	0	5	48	1	32	1	0	0	0
0	0	5	18	1	1	1	0	0	0
0	0	5	19	1	3	1	0	0	0
0	0	5	20	1	5	1	0	0	0
0	0	5	22	1	7	1	0	0	0
0	0	5	24	1	9	1	0	0	0
0	0	5	28	1	11	1	0	0	0
0	0	5	30	1	13	1	0	0	0
0	0	5	32	1	15	1	0	0	0
0	0	5	33	1	17	1	0	0	0
0	0	5	35	1	19	1	0	0	0
0	0	5	39	1	21	1	0	0	0
0	0	5	40	1	23	1	0	0	0
0	0	5	42	1	25	1	0	0	0
0	0	5	46	1	27	1	0	0	0
0	0	5	47	1	29	1	0	0	0
0	0	5	49	1	31	1	0	0	0
0	0	5	1	1	66	1	0	0	0
0	0	5	10	1	68	1	0	0	0
0	0	5	12	1	70	1	0	0	0
0	0	5	14	1	72	1	0	0	0
0	0	5	8	1	74	1	0	0	0
0	0	5	6	1	76	1	0	0	0
0	0	5	13	1	78	1	0	0	0
0	0	5	11	1	80	1	0	0	0
0	0	5	38	1	82	1	0	0	0
0	0	5	62	1	84	1	0	0	0
0	0	5	61	1	86	1	0	0	0
0	0	5	50	1	88	1	0	0	0
0	0	5	52	1	90	1	0	0	0
0	0	5	54	1	92	1	0	0	0
0	0	5	56	1	94	1	0	0	0
0	0	5	60	1	96	1	0	0	0
0	0	5	0	1	65	1	0	0	0
0	0	5	3	1	67	1	0	0	0
0	0	5	5	1	69	1	0	0	0
0	0	5	7	1	71	1	0	0	0
0	0	5	15	1	73	1	0	0	0
0	0	5	4	1	75	1	0	0	0
0	0	5	2	1	77	1	0	0	0
0	0	5	27	1	79	1	0	0	0
0	0	5	9	1	81	1	0	0	0
0	0	5	58	1	83	1	0	0	0
0	0	5	59	1	85	1	0	0	0
0	0	5	57	1	87	1	0	0	0
0	0	5	51	1	89	1	0	0	0
0	0	5	53	1	91	1	0	0	0
0	0	5	55	1	93	1	0	0	0
0	0	5	63	1	95	1	0	0	0
# ASIC 6: Y1 (W), Y3 (W)									
0	0	6	16	1	1	1	0	0	0
0	0	6	17	1	3	1	0	0	0
0	0	6	21	1	5	1	0	0	0
0	0	6	23	1	7	1	0	0	0
0	0	6	25	1	9	1	0	0	0
0	0	6	26	1	11	1	0	0	0
0	0	6	29	1	13	1	0	0	0
0	0	6	31	1	15	1	0	0	0
0	0	6	34	1	17	1	0	0	0
0	0	6	36	1	19	1	0	0	0
0	0	6	37	1	21	1	0	0	0
0	0	6	41	1	23	1	0	0	0
0	0	6	43	1	25	1	0	0	0
0	0	6	44	1	27	1	0	0	0
0	0	6	45	1	29	1	0	0	0
0	0	6	48	1	31	1	0	0	0
0	0	6	18	1	2	1	0	0	0
0	0	6	19	1	4	1	0	0	0
0	0	6	20	1	6	1	0	0	0
0	0	6	22	1	8	1	0	0	0
0	0	6	24	1	10	1	0	0	0
0	0	6	28	1	12	1	0	0	0
0	0	6	30	1	14	1	0	0	0
0	0	6	32	1	16	1	0	0	0
0	0	6	33	1	18	1	0	0	0
0	0	6	35	1	20	1	0	0	0
0	0	6	39	1	22	1	0	0	0
0	0	6	40	1	24	1	0	0	0
0	0	6	42	1	26	1	0	0	0
0	0	6	46	1	28	1	0	0	0
0	0	6	47	1	30	1	0	0	0
0	0	6	49	1	32	1	0	0	0
0	0	6	1	1	65	1	0	0	0
0	0	6	10	1	67	1	0	0	0
0	0	6	12	1	69	1	0	0	0
0	0	6	14	1	71	1	0	0	0
0	0	6	8	1	73	1	0	0	0
0	0	6	6	1	75	1	0	0	0
0	0	6	13	1	77	1	0	0	0
0	0	6	11	1	79	1	0	0	0
0	0	6	38	1	81	1	0	0	0
0	0	6	62	1	83	1	0	0	0
0	0	6	61	1	85	1	0	0	0
0	0	6	50	1	87	1	0	0	0
0	0	6	52	1	89	1	0	0	0
0	0	6	54	1	91	1	0	0	0
0	0	6	56	1	93	1	0	0	0
0	0	6	60	1	95	1	0	0	0
0	0	6	0	1	66	1	0	0	0
0	0	6	3	1	68	1	0	0	0
0	0	6	5	1	70	1	0	0	0
0	0	6	7	1	72	1	0	0	0
0	0	6	15	1	74	1	0	0	0
0	0	6	4	1	76	1	0	0	0
0	0	6	2	1	78	1	0	0	0
0	0	6	27	1	80	1	0	0	0
0	0	6	9	1	82	1	0	0	0
0	0	6	58	1	84	1	0	0	0
0	0	6	59	1	86	1	0	0	0
0	0	6	57	1	88	1	0	0	0
0	0	6	51	1	90	1	0	0	0
0	0	6	53	1	92	1	0	0	0
0	0	6	55	1	94	1	0	0	0
0	0	6	63	1	96	1	0	0	0
# ASIC 7: X1 (S), X3 (S)									
0	0	7	16	1	1	0	0	0	0
0	0	7	17	1	3	0	0	0	0
0	0	7	21	1	5	0	0	0	0
0	0	7	23	1	7	0	0	0	0
0	0	7	25	1	9	0	0	0	0
0	0	7	26	1	11	0	0	0	0
0	0	7	29	1	13	0	0	0	0
0	0	7	31	1	15	0	0	0	0
0	0	7	34	1	17	0	0	0	0
0	0	7	36	1	19	0	0	0	0
0	0	7	37	1	21	0	0	0	0
0	0	7	41	1	23	0	0	0	0
0	0	7	43	1	25	0	0	0	0
0	0	7	44	1	27	0	0	0	0
0	0	7	45	1	29	0	0	0	0
0	0	7	48	1	31	0	0	0	0
0	0	7	18	1	2	0	0	0	0
0	0	7	19	1	4	0	0	0	0
0	0	7	20	1	6	0	0	0	0
0	0	7	22	1	8	0	0	0	0
0	0	7	24	1	10	0	0	0	0
0	0	7	28	1	12	0	0	0	0
0	0	7	30	1	14	0	0	0	0
0	0	7	32	1	16	0	0	0	0
0	0	7	33	1	18	0	0	0	0
0	0	7	35	1	20	0	0	0	0
0	0	7	39	1	22	0	0	0	0
0	0	7	40	1	24	0	0	0	0
0	0	7	42	1	26	0	0	0	0
0	0	7	46	1	28	0	0	0	0
0	0	7	47	1	30	0	0	0	0
0	0	7	49	1	32	0	0	0	0
0	0	7	1	1	65	0	0	0	0
0	0	7	10	1	67	0	0	0	0
0	0	7	12	1	69	0	0	0	0
0	0	7	14	1	71	0	0	0	0
0	0	7	8	1	73	0	0	0	0
0	0	7	6	1	75	0	0	0	0
0	0	7	13	1	77	0	0	0	0
0	0	7	11	1	79	0	0	0	0
0	0	7	38	1	81	0	0	0	0
0	0	7	62	1	83	0	0	0	0
0	0	7	61	1	85	0	0	0	0
0	0	7	50	1	87	0	0	0	0
0	0	7	52	1	89	0	0	0	0
0	0	7	54	1	91	0	0	0	0
0	0	7	56	1	93	0	0	0	0
0	0	7	60	1	95	0	0	0	0
0	0	7	0	1	66	0	0	0	0
0	0	7	3	1	68	0	0	0	0
0	0	7	5	1	70	0	0	0	0
0	0	7	7	1	72	0	0	0	0
0	0	7	15	1	74	0	0	0	0
0	0	7	4	1	76	0	0	0	0
0	0	7	2	1	78	0	0	0	0
0	0	7	27	1	80	0	0	0	0
0	0	7	9	1	82	0	0	0	0
0	0	7	58	1	84	0	0	0	0
0	0	7	59	1	86	0	0	0	0
0	0	7	57	1	88	0	0	0	0
0	0	7	51	1	90	0	0	0	0
0	0	7	53	1	92	0	0	0	0
0	0	7	55	1	94	0	0	0	0
0	0	7	63	1	96	0	0	0	0
# ASIC 8: X5 (S), X7 (S)									
0	0	8	16	2	129	0	0	0	0
0	0	8	17	2	131	0	0	0	0
0	0	8	21	2	133	0	0	0	0
0	0	8	23	2	135	0	0	0	0
0	0	8	25	2	137	0	0	0	0
0	0	8	26	2	139	0	0	0	0
0	0	8	29	2	141	0	0	0	0
0	0	8	31	2	143	0	0	0	0
0	0	8	34	2	145	0	0	0	0
0	0	8	36	2	147	0	0	0	0
0	0	8	37	2	149	0	0	0	0
0	0	8	41	2	151	0	0	0	0
0	0	8	43	2	153	0	0	0	0
0	0	8	44	2	155	0	0	0	0
0	0	8	45	2	157	0	0	0	0
0	0	8	48	2	159	0	0	0	0
0	0	8	18	2	130	0	0	0	0
0	0	8	19	2	132	0	0	0	0
0	0	8	20	2	134	0	0	0	0
0	0	8	22	2	136	0	0	0	0
0	0	8	24	2	138	0	0	0	0
0	0	8	28	2	140	0	0	0	0
0	0	8	30	2	142	0	0	0	0
0	0	8	32	2	144	0	0	0	0
0	0	8	33	2	146	0	0	0	0
0	0	8	35	2	148	0	0	0	0
0	0	8	39	2	150	0	0	0	0
0	0	8	40	2	152	0	0	0	0
0	0	8	42	2	154	0	0	0	0
0	0	8	46	2	156	0	0	0	0
0	0	8	47	2	158	0	0	0	0
0	0	8	49	2	160	0	0	0	0
0	0	8	1	2	193	0	0	0	0
0	0	8	10	2	195	0	0	0	0
0	0	8	12	2	197	0	0	0	0
0	0	8	14	2	199	0	0	0	0
0	0	8	8	2	201	0	0	0	0
0	0	8	6	2	203	0	0	0	0
0	0	8	13	2	205	0	0	0	0
0	0	8	11	2	207	0	0	0	0
0	0	8	38	2	209	0	0	0	0
0	0	8	62	2	211	0	0	0	0
0	0	8	61	2	213	0	0	0	0
0	0	8	50	2	215	0	0	0	0
0	0	8	52	2	217	0	0	0	0
0	0	8	54	2	219	0	0	0	0
0	0	8	56	2	221	0	0	0	0
0	0	8	60	2	223	0	0	0	0
0	0	8	0	2	194	0	0	0	0
0	0	8	3	2	196	0	0	0	0
0	0	8	5	2	198	0	0	0	0
0	0	8	7	2	200	0	0	0	0
0	0	8	15	2	202	0	0	0	0
0	0	8	4	2	204	0	0	0	0
0	0	8	2	2	206	0	0	0	0
0	0	8	27	2	208	0	0	0	0
0	0	8	9	2	210	0	0	0	0
0	0	8	58	2	212	0	0	0	0
0	0	8	59	2	214	0	0	0	0
0	0	8	57	2	216	0	0	0	0
0	0	8	51	2	218	0	0	0	0
0	0	8	53	2	220	0	0	0	0
0	0	8	55	2	222	0	0	0	0
0	0	8	63	2	224	0	0	0	0
# ASIC 9: X9 (S), U2 (S)									
0	0	9	16	2	257	0	0	0	0
0	0	9	17	2	259	0	0	0	0
0	0	9	21	2	261	0	0	0	0
0	0	9	23	2	263	0	0	0	0
0	0	9	25	2	265	0	0	0	0
0	0	9	26	2	267	0	0	0	0
0	0	9	29	2	269	0	0	0	0
0	0	9	31	2	271	0	0	0	0
0	0	9	34	2	273	0	0	0	0
0	0	9	36	2	275	0	0	0	0
0	0	9	37	2	277	0	0	0	0
0	0	9	41	2	279	0	0	0	0
0	0	9	43	2	281	0	0	0	0
0	0	9	44	2	283	0	0	0	0
0	0	9	45	2	285	0	0	0	0
0	0	9	48	2	287	0	0	0	0
0	0	9	18	2	258	0	0	0	0
0	0	9	19	2	260	0	0	0	0
0	0	9	20	2	262	0	0	0	0
0	0	9	22	2	264	0	0	0	0
0	0	9	24	2	266	0	0	0	0
0	0	9	28	2	268	0	0	0	0
0	0	9	30	2	270	0	0	0	0
0	0	9	32	2	272	0	0	0	0
0	0	9	33	2	274	0	0	0	0
0	0	9	35	2	276	0	0	0	0
0	0	9	39	2	278	0	0	0	0
0	0	9	40	2	280	0	0	0	0
0	0	9	42	2	282	0	0	0	0
0	0	9	46	2	284	0	0	0	0
0	0	9	47	2	286	0	0	0	0
0	0	9	49	2	288	0	0	0	0
0	0	9	1	2	33	2	0	0	0
0	0	9	10	2	35	2	0	0	0
0	0	9	12	2	37	2	0	0	0
0	0	9	14	2	39	2	0	0	0
0	0	9	8	2	41	2	0	0	0
0	0	9	6	2	43	2	0	0	0
0	0	9	13	2	45	2	0	0	0
0	0	9	11	2	47	2	0	0	0
0	0	9	38	2	49	2	0	0	0
0	0	9	62	2	51	2	0	0	0
0	0	9	61	2	53	2	0	0	0
0	0	9	50	2	55	2	0	0	0
0	0	9	52	2	57	2	0	0	0
0	0	9	54	2	59	2	0	0	0
0	0	9	56	2	61	2	0	0	0
0	0	9	60	2	63	2	0	0	0
0	0	9	0	2	34	2	0	0	0
0	0	9	3	2	36	2	0	0	0
0	0	9	5	2	38	2	0	0	0
0	0	9	7	2	40	2	0	0	0
0	0	9	15	2	42	2	0	0	0
0	0	9	4	2	44	2	0	0	0
0	0	9	2	2	46	2	0	0	0
0	0	9	27	2	48	2	0	0	0
0	0	9	9	2	50	2	0	0	0
0	0	9	58	2	52	2	0	0	0
0	0	9	59	2	54	2	0	0	0
0	0	9	57	2	56	2	0	0	0
0	0	9	51	2	58	2	0	0	0
0	0	9	53	2	60	2	0	0	0
0	0	9	55	2	62	2	0	0	0
0	0	9	63	2	64	2	0	0	0
# ASIC 10: U4 (S), U6 (E)									
0	0	10	16	2	97	2	0	0	0
0	0	10	17	2	99	2	0	0	0
0	0	10	21	2	101	2	0	0	0
0	0	10	23	2	103	2	0	0	0
0	0	10	25	2	105	2	0	0	0
0	0	10	26	2	107	2	0	0	0
0	0	10	29	2	109	2	0	0	0
0	0	10	31	2	111	2	0	0	0
0	0	10	34	2	113	2	0	0	0
0	0	10	36	2	115	2	0	0	0
0	0	10	37	2	117	2	0	0	0
0	0	10	41	2	119	2	0	0	0
0	0	10	43	2	121	2	0	0	0
0	0	10	44	2	123	2	0	0	0
0	0	10	45	2	125	2	0	0	0
0	0	10	48	2	127	2	0	0	0
0	0	10	18	2	98	2	0	0	0
0	0	10	19	2	100	2	0	0	0
0	0	10	20	2	102	2	0	0	0
0	0	10	22	2	104	2	0	0	0
0	0	10	24	2	106	2	0	0	0
0	0	10	28	2	108	2	0	0	0
0	0	10	30	2	110	2	0	0	0
0	0	10	32	2	112	2	0	0	0
0	0	10	33	2	114	2	0	0	0
0	0	10	35	2	116	2	0	0	0
0	0	10	39	2	118	2	0	0	0
0	0	10	40	2	120	2	0	0	0
0	0	10	42	2	122	2	0	0	0
0	0	10	46	2	124	2	0	0	0
0	0	10	47	2	126	2	0	0	0
0	0	10	49	2	128	2	0	0	0
0	0	10	1	2	161	2	0	0	0
0	0	10	10	2	163	2	0	0	0
0	0	10	12	2	165	2	0	0	0
0	0	10	14	2	167	2	0	0	0
0	0	10	8	2	169	2	0	0	0
0	0	10	6	2	171	2	0	0	0
0	0	10	13	2	173	2	0	0	0
0	0	10	11	2	175	2	0	0	0
0	0	10	38	2	177	2	0	0	0
0	0	10	62	2	179	2	0	0	0
0	0	10	61	2	181	2	0	0	0
0	0	10	50	2	183	2	0	0	0
0	0	10	52	2	185	2	0	0	0
0	0	10	54	2	187	2	0	0	0
0	0	10	56	2	189	2	0	0	0
0	0	10	60	2	191	2	0	0	0
0	0	10	0	2	162	2	0	0	0
0	0	10	3	2	164	2	0	0	0
0	0	10	5	2	166	2	0	0	0
0	0	10	7	2	168	2	0	0	0
0	0	10	15	2	170	2	0	0	0
0	0	10	4	2	172	2	0	0	0
0	0	10	2	2	174	2	0	0	0
0	0	10	27	2	176	2	0	0	0
0	0	10	9	2	178	2	0	0	0
0	0	10	58	2	180	2	0	0	0
0	0	10	59	2	182	2	0	0	0
0	0	10	57	2	184	2	0	0	0
0	0	10	51	2	186	2	0	0	0
0	0	10	53	2	188	2	0	0	0
0	0	10	55	2	190	2	0	0	0
0	0	10	63	2	192	2	0	0	0
# ASIC 11: U10 (E), U8 (E)									
0	0	11	16	2	289	2	0	0	0
0	0	11	17	2	291	2	0	0	0
0	0	11	21	2	293	2	0	0	0
0	0	11	23	2	295	2	0	0	0
0	0	11	25	2	297	2	0	0	0
0	0	11	26	2	299	2	0	0	0
0	0	11	29	2	301	2	0	0	0
0	0	11	31	2	303	2	0	0	0
0	0	11	34	2	305	2	0	0	0
0	0	11	36	2	307	2	0	0	0
0	0	11	37	2	309	2	0	0	0
0	0	11	41	2	311	2	0	0	0
0	0	11	43	2	313	2	0	0	0
0	0	11	44	2	315	2	0	0	0
0	0	11	45	2	317	2	0	0	0
0	0	11	48	2	319	2	0	0	0
0	0	11	18	2	290	2	0	0	0
0	0	11	19	2	292	2	0	0	0
0	0	11	20	2	294	2	0	0	0
0	0	11	22	2	296	2	0	0	0
0	0	11	24	2	298	2	0	0	0
0	0	11	28	2	300	2	0	0	0
0	0	11	30	2	302	2	0	0	0
0	0	11	32	2	304	2	0	0	0
0	0	11	33	2	306	2	0	0	0
0	0	11	35	2	308	2	0	0	0
0	0	11	39	2	310	2	0	0	0
0	0	11	40	2	312	2	0	0	0
0	0	11	42	2	314	2	0	0	0
0	0	11	46	2	316	2	0	0	0
0	0	11	47	2	318	2	0	0	0
0	0	11	49	2	320	2	0	0	0
0	0	11	1	2	225	2	0	0	0
0	0	11	10	2	227	2	0	0	0
0	0	11	12	2	229	2	0	0	0
0	0	11	14	2	231	2	0	0	0
0	0	11	8	2	233	2	0	0	0
0	0	11	6	2	235	2	0	0	0
0	0	11	13	2	237	2	0	0	0
0	0	11	11	2	239	2	0	0	0
0	0	11	38	2	241	2	0	0	0
0	0	11	62	2	243	2	0	0	0
0	0	11	61	2	245	2	0	0	0
0	0	11	50	2	247	2	0	0	0
0	0	11	52	2	249	2	0	0	0
0	0	11	54	2	251	2	0	0	0
0	0	11	56	2	253	2	0	0	0
0	0	11	60	2	255	2	0	0	0
0	0	11	0	2	226	2	0	0	0
0	0	11	3	2	228	2	0	0	0
0	0	11	5	2	230	2	0	0	0
0	0	11	7	2	232	2	0	0	0
0	0	11	15	2	234	2	0	0	0
0	0	11	4	2	236	2	0	0	0
0	0	11	2	2	238	2	0	0	0
0	0	11	27	2	240	2	0	0	0
0	0	11	9	2	242	2	0	0	0
0	0	11	58	2	244	2	0	0	0
0	0	11	59	2	246	2	0	0	0
0	0	11	57	2	248	2	0	0	0
0	0	11	51	2	250	2	0	0	0
0	0	11	53	2	252	2	0	0	0
0	0	11	55	2	254	2	0	0	0
0	0	11	63	2	256	2	0	0	0
# ASIC 12: Y2 (E), Y4 (E)									
0	0	12	16	3	33	1	0	0	0
0	0	12	17	3	35	1	0	0	0
0	0	12	21	3	37	1	0	0	0
0	0	12	23	3	39	1	0	0	0
0	0	12	25	3	41	1	0	0	0
0	0	12	26	3	43	1	0	0	0
0	0	12	29	3	45	1	0	0	0
0	0	12	31	3	47	1	0	0	0
0	0	12	34	3	49	1	0	0	0
0	0	12	36	3	51	1	0	0	0
0	0	12	37	3	53	1	0	0	0
0	0	12	41	3	55	1	0	0	0
0	0	12	43	3	57	1	0	0	0
0	0	12	44	3	59	1	0	0	0
0	0	12	45	3	61	1	0	0	0
0	0	12	48	3	63	1	0	0	0
0	0	12	18	3	34	1	0	0	0
0	0	12	19	3	36	1	0	0	0
0	0	12	20	3	38	1	0	0	0
0	0	12	22	3	40	1	0	0	0
0	0	12	24	3	42	1	0	0	0
0	0	12	28	3	44	1	0	0	0
0	0	12	30	3	46	1	0	0	0
0	0	12	32	3	48	1	0	0	0
0	0	12	33	3	50	1	0	0	0
0	0	12	35	3	52	1	0	0	0
0	0	12	39	3	54	1	0	0	0
0	0	12	40	3	56	1	0	0	0
0	0	12	42	3	58	1	0	0	0
0	0	12	46	3	60	1	0	0	0
0	0	12	47	3	62	1	0	0	0
0	0	12	49	3	64	1	0	0	0
0	0	12	1	3	97	1	0	0	0
0	0	12	10	3	99	1	0	0	0
0	0	12	12	3	101	1	0	0	0
0	0	12	14	3	103	1	0	0	0
0	0	12	8	3	105	1	0	0	0
0	0	12	6	3	107	1	0	0	0
0	0	12	13	3	109	1	0	0	0
0	0	12	11	3	111	1	0	0	0
0	0	12	38	3	113	1	0	0	0
0	0	12	62	3	115	1	0	0	0
0	0	12	61	3	117	1	0	0	0
0	0	12	50	3	119	1	0	0	0
0	0	12	52	3	121	1	0	0	0
0	0	12	54	3	123	1	0	0	0
0	0	12	56	3	125	1	0	0	0
0	0	12	60	3	127	1	0	0	0
0	0	12	0	3	98	1	0	0	0
0	0	12	3	3	100	1	0	0	0
0	0	12	5	3	102	1	0	0	0
0	0	12	7	3	104	1	0	0	0
0	0	12	15	3	106	1	0	0	0
0	0	12	4	3	108	1	0	0	0
0	0	12	2	3	110	1	0	0	0
0	0	12	27	3	112	1	0	0	0
0	0	12	9	3	114	1	0	0	0
0	0	12	58	3	116	1	0	0	0
0	0	12	59	3	118	1	0	0	0
0	0	12	57	3	120	1	0	0	0
0	0	12	51	3	122	1	0	0	0
0	0	12	53	3	124	1	0	0	0
0	0	12	55	3	126	1	0	0	0
0	0	12	63	3	128	1	0	0	0
# ASIC 13: Y6 (E)									
0	0	13	16	3	161	1	0	0	0
0	0	13	17	3	163	1	0	0	0
0	0	13	21	3	165	1	0	0	0
0	0	13	23	3	167	1	0	0	0
0	0	13	25	3	169	1	0	0	0
0	0	13	26	3	171	1	0	0	0
0	0	13	29	3	173	1	0	0	0
0	0	13	31	3	175	1	0	0	0
0	0	13	34	3	177	1	0	0	0
0	0	13	36	3	179	1	0	0	0
0	0	13	37	3	181	1	0	0	0
0	0	13	41	3	183	1	0	0	0
0	0	13	43	3	185	1	0	0	0
0	0	13	44	3	187	1	0	0	0
0	0	13	45	3	189	1	0	0	0
0	0	13	48	3	191	1	0	0	0
0	0	13	18	3	162	1	0	0	0
0	0	13	19	3	164	1	0	0	0
0	0	13	20	3	166	1	0	0	0
0	0	13	22	3	168	1	0	0	0
0	0	13	24	3	170	1	0	0	0
0	0	13	28	3	172	1	0	0	0
0	0	13	30	3	174	1	0	0	0
0	0	13	32	3	176	1	0	0	0
0	0	13	33	3	178	1	0	0	0
0	0	13	35	3	180	1	0	0	0
0	0	13	39	3	182	1	0	0	0
0	0	13	40	3	184	1	0	0	0
0	0	13	42	3	186	1	0	0	0
0	0	13	46	3	188	1	0	0	0
0	0	13	47	3	190	1	0	0	0
0	0	13	49	3	192	1	0	0	0
0	0	13	1	3	0	0	0	0	0
0	0	13	10	3	0	0	0	0	0
0	0	13	12	3	0	0	0	0	0
0	0	13	14	3	0	0	0	0	0
0	0	13	8	3	0	0	0	0	0
0	0	13	6	3	0	0	0	0	0
0	0	13	13	3	0	0	0	0	0
0	0	13	11	3	0	0	0	0	0
0	0	13	38	3	0	0	0	0	0
0	0	13	62	3	0	0	0	0	0
0	0	13	61	3	0	0	0	0	0
0	0	13	50	3	0	0	0	0	0
0	0	13	52	3	0	0	0	0	0
0	0	13	54	3	0	0	0	0	0
0	0	13	56	3	0	0	0	0	0
0	0	13	60	3	0	0	0	0	0
0	0	13	0	3	0	0	0	0	0
0	0	13	3	3	0	0	0	0	0
0	0	13	5	3	0	0	0	0	0
0	0	13	7	3	0	0	0	0	0
0	0	13	15	3	0	0	0	0	0
0	0	13	4	3	0	0	0	0	0
0	0	13	2	3	0	0	0	0	0
0	0	13	27	3	0	0	0	0	0
0	0	13	9	3	0	0	0	0	0
0	0	13	58	3	0	0	0	0	0
0	0	13	59	3	0	0	0	0	0
0	0	13	57	3	0	0	0	0	0
0	0	13	51	3	0	0	0	0	0
0	0	13	53	3	0	0	0	0	0
0	0	13	55	3	0	0	0	0	0
0	0	13	63	3	0	0	0	0	0
0	0	14	16	3	0	0	0	0	0
0	0	14	17	3	0	0	0	0	0
0	0	14	21	3	0	0	0	0	0
0	0	14	23	3	0	0	0	0	0
0	0	14	25	3	0	0	0	0	0
0	0	14	26	3	0	0	0	0	0
0	0	14	29	3	0	0	0	0	0
0	0	14	31	3	0	0	0	0	0
0	0	14	34	3	0	0	0	0	0
0	0	14	36	3	0	0	0	0	0
0	0	14	37	3	0	0	0	0	0
0	0	14	41	3	0	0	0	0	0
0	0	14	43	3	0	0	0	0	0
0	0	14	44	3	0	0	0	0	0
0	0	14	45	3	0	0	0	0	0
0	0	14	48	3	0	0	0	0	0
0	0	14	18	3	0	0	0	0	0
0	0	14	19	3	0	0	0	0	0
0	0	14	20	3	0	0	0	0	0
0	0	14	22	3	0	0	0	0	0
0	0	14	24	3	0	0	0	0	0
0	0	14	28	3	0	0	0	0	0
0	0	14	30	3	0	0	0	0	0
0	0	14	32	3	0	0	0	0	0
0	0	14	33	3	0	0	0	0	0
0	0	14	35	3	0	0	0	0	0
0	0	14	39	3	0	0	0	0	0
0	0	14	40	3	0	0	0	0	0
0	0	14	42	3	0	0	0	0	0
0	0	14	46	3	0	0	0	0	0
0	0	14	47	3	0	0	0	0	0
0	0	14	49	3	0	0	0	0	0
0	0	14	1	3	0	0	0	0	0
0	0	14	10	3	0	0	0	0	0
0	0	14	12	3	0	0	0	0	0
0	0	14	14	3	0	0	0	0	0
0	0	14	8	3	0	0	0	0	0
0	0	14	6	3	0	0	0	0	0
0	0	14	13	3	0	0	0	0	0
0	0	14	11	3	0	0	0	0	0
0	0	14	38	3	0	0	0	0	0
0	0	14	62	3	0	0	0	0	0
0	0	14	61	3	0	0	0	0	0
0	0	14	50	3	0	0	0	0	0
0	0	14	52	3	0	0	0	0	0
0	0	14	54	3	0	0	0	0	0
0	0	14	56	3	0	0	0	0	0
0	0	14	60	3	0	0	0	0	0
0	0	14	0	3	0	0	0	0	0
0	0	14	3	3	0	0	0	0	0
0	0	14	5	3	0	0	0	0	0
0	0	14	7	3	0	0	0	0	0
0	0	14	15	3	0	0	0	0	0
0	0	14	4	3	0	0	0	0	0
0	0	14	2	3	0	0	0	0	0
0	0	14	27	3	0	0	0	0	0
0	0	14	9	3	0	0	0	0	0
0	0	14	58	3	0	0	0	0	0
0	0	14	59	3	0	0	0	0	0
0	0	14	57	3	0	0	0	0	0
0	0	14	51	3	0	0	0	0	0
0	0	14	53	3	0	0	0	0	0
0	0	14	55	3	0	0	0	0	0
0	0	14	63	3	0	0	0	0	0
0	0	15	16	3	0	0	0	0	0
0	0	15	17	3	0	0	0	0	0
0	0	15	21	3	0	0	0	0	0
0	0	15	23	3	0	0	0	0	0
0	0	15	25	3	0	0	0	0	0
0	0	15	26	3	0	0	0	0	0
0	0	15	29	3	0	0	0	0	0
0	0	15	31	3	0	0	0	0	0
0	0	15	34	3	0	0	0	0	0
0	0	15	36	3	0	0	0	0	0
0	0	15	37	3	0	0	0	0	0
0	0	15	41	3	0	0	0	0	0
0	0	15	43	3	0	0	0	0	0
0	0	15	44	3	0	0	0	0	0
0	0	15	45	3	0	0	0	0	0
0	0	15	48	3	0	0	0	0	0
0	0	15	18	3	0	0	0	0	0
0	0	15	19	3	0	0	0	0	0
0	0	15	20	3	0	0	0	0	0
0	0	15	22	3	0	0	0	0	0
0	0	15	24	3	0	0	0	0	0
0	0	15	28	3	0	0	0	0	0
0	0	15	30	3	0	0	0	0	0
0	0	15	32	3	0	0	0	0	0
0	0	15	33	3	0	0	0	0	0
0	0	15	35	3	0	0	0	0	0
0	0	15	39	3	0	0	0	0	0
0	0	15	40	3	0	0	0	0	0
0	0	15	42	3	0	0	0	0	0
0	0	15	46	3	0	0	0	0	0
0	0	15	47	3	0	0	0	0	0
0	0	15	49	3	0	0	0	0	0
0	0	15	1	3	0	0	0	0	0
0	0	15	10	3	0	0	0	0	0
0	0	15	12	3	0	0	0	0	0
0	0	15	14	3	0	0	0	0	0
0	0	15	8	3	0	0	0	0	0
0	0	15	6	3	0	0	0	0	0
0	0	15	13	3	0	0	0	0	0
0	0	15	11	3	0	0	0	0	0
0	0	15	38	3	0	0	0	0	0
0	0	15	62	3	0	0	0	0	0
0	0	15	61	3	0	0	0	0	0
0	0	15	50	3	0	0	0	0	0
0	0	15	52	3	0	0	0	0	0
0	0	15	54	3	0	0	0	0	0
0	0	15	56	3	0	0	0	0	0
0	0	15	60	3	0	0	0	0	0
0	0	15	0	3	0	0	0	0	0
0	0	15	3	3	0	0	0	0	0
0	0	15	5	3	0	0	0	0	0
0	0	15	7	3	0	0	0	0	0
0	0	15	15	3	0	0	0	0	0
0	0	15	4	3	0	0	0	0	0
0	0	15	2	3	0	0	0	0	0
0	0	15	27	3	0	0	0	0	0
0	0	15	9	3	0	0	0	0	0
0	0	15	58	3	0	0	0	0	0
0	0	15	59	3	0	0	0	0	0
0	0	15	57	3	0	0	0	0	0
0	0	15	51	3	0	0	0	0	0
0	0	15	53	3	0	0	0	0	0
0	0	15	55	3	0	0	0	0	0
0	0	15	63	3	0	0	0	0	0
